[
    {
        "anatomy": "brain",
        "volume": "file_brain_AXFLAIR_200_6002467",
        "slice_number": 0,
        "pathology": null,
        "psnr": 18.059212621941864,
        "ssim": 0.27918677131531294,
        "lpips": 0.5517691373825073
    },
    {
        "anatomy": "brain",
        "volume": "file_brain_AXFLAIR_200_6002467",
        "slice_number": 1,
        "pathology": null,
        "psnr": 30.009513159459225,
        "ssim": 0.8239000410429749,
        "lpips": 0.2291271984577179
    },
    {
        "anatomy": "brain",
        "volume": "file_brain_AXFLAIR_200_6002467",
        "slice_number": 2,
        "pathology": null,
        "psnr": 33.49638717167868,
        "ssim": 0.8560014926690572,
        "lpips": 0.22577132284641266
    },
    {
        "anatomy": "brain",
        "volume": "file_brain_AXFLAIR_200_6002467",
        "slice_number": 3,
        "pathology": null,
        "psnr": 34.831779974529454,
        "ssim": 0.876729966944067,
        "lpips": 0.21862132847309113
    },
    {
        "anatomy": "brain",
        "volume": "file_brain_AXFLAIR_200_6002467",
        "slice_number": 4,
        "pathology": null,
        "psnr": 33.39206439278213,
        "ssim": 0.8671667823710278,
        "lpips": 0.22097498178482056
    },
    {
        "anatomy": "brain",
        "volume": "file_brain_AXFLAIR_200_6002467",
        "slice_number": 5,
        "pathology": null,
        "psnr": 32.47944496876156,
        "ssim": 0.8227383095581099,
        "lpips": 0.2300037294626236
    },
    {
        "anatomy": "brain",
        "volume": "file_brain_AXFLAIR_200_6002467",
        "slice_number": 6,
        "pathology": null,
        "psnr": 32.71598365581801,
        "ssim": 0.8085237116067713,
        "lpips": 0.2378019392490387
    }
]