[
    {
        "anatomy": "brain",
        "volume": "file_brain_AXFLAIR_200_6002467",
        "slice_number": 0,
        "pathology": null,
        "psnr": 31.467099549841933,
        "ssim": 0.8191009585721565,
        "lpips": 0.243078351020813
    },
    {
        "anatomy": "brain",
        "volume": "file_brain_AXFLAIR_200_6002467",
        "slice_number": 1,
        "pathology": null,
        "psnr": 30.28523369914476,
        "ssim": 0.8220251433745065,
        "lpips": 0.22779406607151031
    },
    {
        "anatomy": "brain",
        "volume": "file_brain_AXFLAIR_200_6002467",
        "slice_number": 2,
        "pathology": null,
        "psnr": 33.39600189448339,
        "ssim": 0.8484786247775696,
        "lpips": 0.22776027023792267
    },
    {
        "anatomy": "brain",
        "volume": "file_brain_AXFLAIR_200_6002467",
        "slice_number": 3,
        "pathology": null,
        "psnr": 12.305183321509832,
        "ssim": 0.35529786816231457,
        "lpips": 0.5110688209533691
    },
    {
        "anatomy": "brain",
        "volume": "file_brain_AXFLAIR_200_6002467",
        "slice_number": 4,
        "pathology": null,
        "psnr": 33.60234547023946,
        "ssim": 0.8646525087578528,
        "lpips": 0.2221328467130661
    },
    {
        "anatomy": "brain",
        "volume": "file_brain_AXFLAIR_200_6002467",
        "slice_number": 5,
        "pathology": null,
        "psnr": 32.169372329079806,
        "ssim": 0.7680966621735974,
        "lpips": 0.2607244551181793
    },
    {
        "anatomy": "brain",
        "volume": "file_brain_AXFLAIR_200_6002467",
        "slice_number": 6,
        "pathology": null,
        "psnr": 32.13974384511526,
        "ssim": 0.8009471901595687,
        "lpips": 0.24542203545570374
    },
    {
        "anatomy": "brain",
        "volume": "file_brain_AXFLAIR_200_6002467",
        "slice_number": 7,
        "pathology": null,
        "psnr": 31.9057181398636,
        "ssim": 0.8006902464156417,
        "lpips": 0.23841243982315063
    },
    {
        "anatomy": "brain",
        "volume": "file_brain_AXFLAIR_200_6002467",
        "slice_number": 8,
        "pathology": null,
        "psnr": 29.067364645791926,
        "ssim": 0.6320784114036494,
        "lpips": 0.30060791969299316
    },
    {
        "anatomy": "brain",
        "volume": "file_brain_AXFLAIR_200_6002467",
        "slice_number": 9,
        "pathology": null,
        "psnr": 11.56558993769255,
        "ssim": 0.5930873579582447,
        "lpips": 0.375870943069458
    },
    {
        "anatomy": "brain",
        "volume": "file_brain_AXFLAIR_200_6002467",
        "slice_number": 10,
        "pathology": null,
        "psnr": 24.120877873644886,
        "ssim": 0.45187014108581347,
        "lpips": 0.37469005584716797
    },
    {
        "anatomy": "brain",
        "volume": "file_brain_AXFLAIR_200_6002467",
        "slice_number": 11,
        "pathology": null,
        "psnr": 22.2001841982121,
        "ssim": 0.38583710780030606,
        "lpips": 0.4136173129081726
    }
]